"Type","Subpopulation","Indicator","Category","nResp","Estimate.P","StdError.P","MarginofError.P","LCB95Pct.P","UCB95Pct.P","Estimate.U","StdError.U","MarginofError.U","LCB95Pct.U","UCB95Pct.U"
"All_Sites","All Sites","BugAssess","Fail",13,23.6363636363636,3.5812923962653,7.01920411478713,16.6171595215765,30.6555677511508,1837.0183,278.338062944201,545.532578897277,1291.48572110272,2382.55087889728
"All_Sites","All Sites","BugAssess","Pass",42,76.3636363636364,3.5812923962653,7.01920411478713,69.3444322488492,83.3828404784235,5934.9822,278.338062944201,545.532578897277,5389.44962110272,6480.51477889728
"All_Sites","All Sites","BugAssess","Total",55,100,0,0,100,100,7772.0005,5.46702496583047e-13,1.0715172035609e-12,7772.0005,7772.0005
